<?xml version="1.0"?>
<object name="DynFolder"
   meta_type="Factory-based Type Information with dynamic views"
   xmlns:i18n="http://xml.zope.org/namespaces/i18n">
 <property name="title">DynFolder</property>
 <property name="content_icon">folder_icon.gif</property>
 <property name="content_meta_type">DynFolder</property>
 <property name="product">CMFCore</property>
 <property name="factory">manage_addPortalFolder</property>
 <property name="immediate_view">folder_edit_form</property>
 <property name="global_allow">True</property>
 <property name="filter_content_types">False</property>
 <property name="default_view">index_html</property>
 <property name="view_methods">
  <element value="index_html"/>
  <element value="custom_view"/>
  <element value="zope3_view"/>
 </property>
 <alias from="(Default)" to="(Dynamic view)"/>
 <alias from="view" to="(Selected layout)"/>
 <action title="View" action_id="view" category="object" condition_expr=""
    url_expr="string:${object_url}" visible="True">
  <permission value="View"/>
 </action>
</object>
