<?xml version="1.0"?>
<object name="portal_controlpanel"
    xmlns:i18n="http://xml.zope.org/namespaces/i18n" i18n:domain="plone">
  <configlet title="Search" action_id="SearchSettings" appId="Plone"
    category="Plone" condition_expr=""
    url_expr="string:${portal_url}/@@search-controlpanel"
    icon_expr="string:${portal_url}/search_icon.png"
    visible="True" i18n:attributes="title">
    <permission>Manage portal</permission>
  </configlet>
  <configlet title="Mail" action_id="MailHost" appId="MailHost"
     category="Plone" condition_expr=""
     url_expr="string:${portal_url}/@@mail-controlpanel"
     icon_expr="string:${portal_url}/mail_icon.png"
     visible="True" i18n:attributes="title">
   <permission>Manage portal</permission>
  </configlet>
</object>
