<?xml version="1.0"?>
<object name="Collection"
   meta_type="Factory-based Type Information with dynamic views"
   i18n:domain="plone" xmlns:i18n="http://xml.zope.org/namespaces/i18n">
  <property name="title" i18n:translate="">Collection</property>
  <property name="description"
    i18n:translate="">Collection of searchable information</property>
  <property name="icon_expr"></property>
  <property name="content_meta_type">Collection</property>
  <property name="product">plone.app.collection</property>
  <property name="factory">addCollection</property>
  <property name="immediate_view">standard_view</property>
  <property name="global_allow">True</property>
  <property name="filter_content_types">True</property>
  <property name="allowed_content_types"/>
  <property name="allow_discussion">False</property>
  <property name="default_view">standard_view</property>
  <property name="view_methods">
    <element value="standard_view" />
    <element value="summary_view" />
    <element value="all_content" />
    <element value="tabular_view" />
    <element value="thumbnail_view" />
  </property>
  <alias from="(Default)" to="(dynamic view)" />
  <alias from="edit" to="atct_edit" />
  <alias from="sharing" to="@@sharing" />
  <alias from="view" to="(selected layout)" />
  <action title="View" action_id="view" category="object" condition_expr=""
    url_expr="string:${object_url}/" visible="True">
    <permission value="View" />
  </action>
  <action title="Edit" action_id="edit" category="object" condition_expr=""
    url_expr="string:${object_url}/edit" visible="True">
    <permission value="Modify portal content" />
  </action>
</object>
