<?xml version="1.0"?>
<object name="ATBooleanCriterion" meta_type="Factory-based Type Information"
   i18n:domain="plone" xmlns:i18n="http://xml.zope.org/namespaces/i18n">
 <property name="title" i18n:translate="">Boolean Criterion</property>
 <property name="description" i18n:translate="">A boolean criterion</property>
 <property name="icon_expr">string:${portal_url}/document_icon.png</property>
 <property name="content_meta_type">ATBooleanCriterion</property>
 <property name="product">ATContentTypes</property>
 <property name="factory">addATBooleanCriterion</property>
 <property name="immediate_view">base_edit</property>
 <property name="global_allow">False</property>
 <property name="filter_content_types">False</property>
 <property name="allowed_content_types"/>
 <property name="allow_discussion">False</property>
 <alias from="edit" to="base_edit"/>
 <action title="View" action_id="view" category="object" condition_expr=""
    url_expr="string:${object_url}/base_view" visible="True"
    i18n:attributes="title">
  <permission value="View"/>
 </action>
 <action title="Edit" action_id="edit" category="object" condition_expr=""
    url_expr="string:${object_url}/base_edit" visible="True"
    i18n:attributes="title">
  <permission value="Modify portal content"/>
 </action>
</object>
