<?xml version="1.0"?>
<object name="DDocument" meta_type="Factory-based Type Information"
   xmlns:i18n="http://xml.zope.org/namespaces/i18n">
 <property name="title">Demo Doc</property>
 <property name="description">An extensible Document (test) type</property>
 <property name="content_icon">document_icon.gif</property>
 <property name="content_meta_type">DDocument</property>
 <property name="product">Archetypes</property>
 <property name="factory">addDDocument</property>
 <property name="immediate_view">base_edit</property>
 <property name="global_allow">True</property>
 <property name="filter_content_types">False</property>
 <property name="allowed_content_types"/>
 <property name="allow_discussion">False</property>
 <alias from="(Default)" to="base_view"/>
 <alias from="gethtml" to="source_html"/>
 <action title="View" action_id="view" category="object" condition_expr=""
    url_expr="string:${object_url}/" visible="True">
  <permission value="View"/>
 </action>
 <action title="Edit" action_id="edit" category="object" condition_expr=""
    url_expr="string:${object_url}/base_edit" visible="True">
  <permission value="Modify portal content"/>
 </action>
 <action title="Properties" action_id="metadata" category="object"
    condition_expr="" url_expr="string:${object_url}/base_metadata"
    visible="False">
  <permission value="Modify portal content"/>
 </action>
</object>
