<?xml version="1.0"?>
<object name="portal_types" meta_type="Plone Types Tool">
 <object name="Document"
    meta_type="Factory-based Type Information with dynamic views"/>
 <object name="Event"
    meta_type="Factory-based Type Information with dynamic views"/>
 <object name="File"
    meta_type="Factory-based Type Information with dynamic views"/>
 <object name="Folder"
    meta_type="Factory-based Type Information with dynamic views"/>
 <object name="Image"
    meta_type="Factory-based Type Information with dynamic views"/>
 <object name="Link"
    meta_type="Factory-based Type Information with dynamic views"/>
 <object name="News Item"
    meta_type="Factory-based Type Information with dynamic views"/>
 <object name="Plone Site"
    meta_type="Factory-based Type Information with dynamic views"/>
 <object name="TempFolder" meta_type="Factory-based Type Information"/>
 <object name="Topic"
    meta_type="Factory-based Type Information with dynamic views"/>
</object>
